{
  "id": "4150928",
  "name": "3d看房",
  "font_family": "iconfont",
  "css_prefix_text": "icon-",
  "description": "",
  "glyphs": [
    {
      "icon_id": "658040",
      "name": "收藏",
      "font_class": "shoucang",
      "unicode": "e666",
      "unicode_decimal": 58982
    },
    {
      "icon_id": "2076364",
      "name": "评论小",
      "font_class": "pinglunxiao",
      "unicode": "e8b9",
      "unicode_decimal": 59577
    },
    {
      "icon_id": "4485681",
      "name": "转发",
      "font_class": "zhuanfa",
      "unicode": "e603",
      "unicode_decimal": 58883
    },
    {
      "icon_id": "4896380",
      "name": "更多",
      "font_class": "gengduo1",
      "unicode": "ec1c",
      "unicode_decimal": 60444
    },
    {
      "icon_id": "1070",
      "name": "礼物",
      "font_class": "liwu",
      "unicode": "e602",
      "unicode_decimal": 58882
    },
    {
      "icon_id": "577700",
      "name": "字典",
      "font_class": "zidian",
      "unicode": "e679",
      "unicode_decimal": 59001
    },
    {
      "icon_id": "765343",
      "name": "商店",
      "font_class": "shouye",
      "unicode": "e61a",
      "unicode_decimal": 58906
    },
    {
      "icon_id": "1238617",
      "name": "卖房",
      "font_class": "maifang",
      "unicode": "e606",
      "unicode_decimal": 58886
    },
    {
      "icon_id": "1555834",
      "name": "vip",
      "font_class": "vip",
      "unicode": "e6ba",
      "unicode_decimal": 59066
    },
    {
      "icon_id": "2076273",
      "name": "问答",
      "font_class": "wenda",
      "unicode": "e893",
      "unicode_decimal": 59539
    },
    {
      "icon_id": "2506202",
      "name": "帖子",
      "font_class": "tiezi",
      "unicode": "e636",
      "unicode_decimal": 58934
    },
    {
      "icon_id": "3930501",
      "name": "点评",
      "font_class": "dianping",
      "unicode": "e61b",
      "unicode_decimal": 58907
    },
    {
      "icon_id": "7159311",
      "name": "标签",
      "font_class": "biaoqian",
      "unicode": "e60d",
      "unicode_decimal": 58893
    },
    {
      "icon_id": "16086894",
      "name": "扇形图",
      "font_class": "shanxingtu",
      "unicode": "e642",
      "unicode_decimal": 58946
    },
    {
      "icon_id": "16302076",
      "name": "资产：自然资源分等级定价估价",
      "font_class": "zichanziranziyuanfendengjidingjiagujia",
      "unicode": "e684",
      "unicode_decimal": 59012
    },
    {
      "icon_id": "25164454",
      "name": "房东直租",
      "font_class": "fangdongzhizu",
      "unicode": "fd61",
      "unicode_decimal": 64865
    },
    {
      "icon_id": "29358699",
      "name": "icon／公租房",
      "font_class": "a-icongongzufang",
      "unicode": "e60c",
      "unicode_decimal": 58892
    },
    {
      "icon_id": "31342784",
      "name": "房贷计算",
      "font_class": "fangdaijisuan",
      "unicode": "100e3",
      "unicode_decimal": 65763
    },
    {
      "icon_id": "32538141",
      "name": "卖房",
      "font_class": "maifang1",
      "unicode": "e877",
      "unicode_decimal": 59511
    },
    {
      "icon_id": "33839068",
      "name": "金融服务",
      "font_class": "jinrongfuwu",
      "unicode": "e60f",
      "unicode_decimal": 58895
    },
    {
      "icon_id": "33847214",
      "name": "看房管理",
      "font_class": "kanfangguanli",
      "unicode": "e747",
      "unicode_decimal": 59207
    },
    {
      "icon_id": "629333",
      "name": "设置",
      "font_class": "shezhi",
      "unicode": "e64b",
      "unicode_decimal": 58955
    },
    {
      "icon_id": "5387465",
      "name": "客服",
      "font_class": "kefu",
      "unicode": "eada",
      "unicode_decimal": 60122
    },
    {
      "icon_id": "10937705",
      "name": "扫一扫",
      "font_class": "scan",
      "unicode": "e62c",
      "unicode_decimal": 58924
    },
    {
      "icon_id": "2048519",
      "name": "商场图标-08",
      "font_class": "shangchangtubiao-",
      "unicode": "e627",
      "unicode_decimal": 58919
    },
    {
      "icon_id": "2149667",
      "name": "经纪人",
      "font_class": "jingjiren",
      "unicode": "e661",
      "unicode_decimal": 58977
    },
    {
      "icon_id": "5387962",
      "name": "计算器_o",
      "font_class": "jisuanqi_o",
      "unicode": "eba0",
      "unicode_decimal": 60320
    },
    {
      "icon_id": "14033448",
      "name": "征信",
      "font_class": "zhengxin",
      "unicode": "e755",
      "unicode_decimal": 59221
    },
    {
      "icon_id": "14998141",
      "name": "战略投资",
      "font_class": "zhanlvetouzi",
      "unicode": "e62b",
      "unicode_decimal": 58923
    },
    {
      "icon_id": "18224417",
      "name": "贷款",
      "font_class": "daikuan",
      "unicode": "e623",
      "unicode_decimal": 58915
    },
    {
      "icon_id": "23376822",
      "name": "小区管理",
      "font_class": "xiaoquguanli",
      "unicode": "e60b",
      "unicode_decimal": 58891
    },
    {
      "icon_id": "1450438",
      "name": "地图找房_定位",
      "font_class": "dingwei",
      "unicode": "e621",
      "unicode_decimal": 58913
    },
    {
      "icon_id": "1450444",
      "name": "地图找房",
      "font_class": "dituzhaofang",
      "unicode": "e624",
      "unicode_decimal": 58916
    },
    {
      "icon_id": "4055804",
      "name": "房子",
      "font_class": "fangzi",
      "unicode": "e8ff",
      "unicode_decimal": 59647
    },
    {
      "icon_id": "22611524",
      "name": "小区",
      "font_class": "xiaoqu",
      "unicode": "e629",
      "unicode_decimal": 58921
    },
    {
      "icon_id": "1718323",
      "name": "更多",
      "font_class": "gengduo",
      "unicode": "e601",
      "unicode_decimal": 58881
    },
    {
      "icon_id": "7418",
      "name": "返回",
      "font_class": "fanhui",
      "unicode": "e600",
      "unicode_decimal": 58880
    },
    {
      "icon_id": "658000",
      "name": "地址",
      "font_class": "dizhi",
      "unicode": "e652",
      "unicode_decimal": 58962
    },
    {
      "icon_id": "712103",
      "name": "姓名",
      "font_class": "icon-person",
      "unicode": "e608",
      "unicode_decimal": 58888
    },
    {
      "icon_id": "4488836",
      "name": "出生年月",
      "font_class": "chushengnianyue",
      "unicode": "e628",
      "unicode_decimal": 58920
    },
    {
      "icon_id": "4488849",
      "name": "性别",
      "font_class": "xingbie",
      "unicode": "e62d",
      "unicode_decimal": 58925
    },
    {
      "icon_id": "5387390",
      "name": "手机",
      "font_class": "shouji",
      "unicode": "eac3",
      "unicode_decimal": 60099
    },
    {
      "icon_id": "7551419",
      "name": "证件类型",
      "font_class": "zhengjianleixing",
      "unicode": "e68a",
      "unicode_decimal": 59018
    },
    {
      "icon_id": "10164905",
      "name": "证件",
      "font_class": "zhengjian",
      "unicode": "e664",
      "unicode_decimal": 58980
    },
    {
      "icon_id": "599927",
      "name": "微博",
      "font_class": "weibo",
      "unicode": "e66b",
      "unicode_decimal": 58987
    },
    {
      "icon_id": "1274418",
      "name": "icon_QQ",
      "font_class": "QQ",
      "unicode": "e65e",
      "unicode_decimal": 58974
    },
    {
      "icon_id": "11372676",
      "name": "密码",
      "font_class": "mima",
      "unicode": "e8b2",
      "unicode_decimal": 59570
    },
    {
      "icon_id": "15933094",
      "name": "微信",
      "font_class": "weixin",
      "unicode": "e607",
      "unicode_decimal": 58887
    },
    {
      "icon_id": "4552970",
      "name": "邮箱",
      "font_class": "youxiang",
      "unicode": "e908",
      "unicode_decimal": 59656
    }
  ]
}
