{
  "id": "3823388",
  "name": "智慧社区",
  "font_family": "iconfont",
  "css_prefix_text": "icon-",
  "description": "",
  "glyphs": [
    {
      "icon_id": "979227",
      "name": "会员中心",
      "font_class": "huiyuanzhongxin",
      "unicode": "e61f",
      "unicode_decimal": 58911
    },
    {
      "icon_id": "5027",
      "name": "手机",
      "font_class": "shouji",
      "unicode": "e600",
      "unicode_decimal": 58880
    },
    {
      "icon_id": "553324",
      "name": "验证 验证码",
      "font_class": "yanzhengyanzhengma",
      "unicode": "e625",
      "unicode_decimal": 58917
    },
    {
      "icon_id": "11372676",
      "name": "密码",
      "font_class": "mima",
      "unicode": "e8b2",
      "unicode_decimal": 59570
    },
    {
      "icon_id": "16365909",
      "name": "账号中心 账号管理",
      "font_class": "zhanghaozhongxinzhanghaoguanli",
      "unicode": "e6a0",
      "unicode_decimal": 59040
    },
    {
      "icon_id": "16050274",
      "name": "记事本",
      "font_class": "jishiben1",
      "unicode": "e624",
      "unicode_decimal": 58916
    },
    {
      "icon_id": "765826",
      "name": "幼儿",
      "font_class": "shouye2",
      "unicode": "e63a",
      "unicode_decimal": 58938
    },
    {
      "icon_id": "3703056",
      "name": "投票",
      "font_class": "navicon-tp",
      "unicode": "e66d",
      "unicode_decimal": 58989
    },
    {
      "icon_id": "4896380",
      "name": "更多",
      "font_class": "gengduo",
      "unicode": "ec1c",
      "unicode_decimal": 60444
    },
    {
      "icon_id": "5809196",
      "name": "群聊",
      "font_class": "qunliao",
      "unicode": "e690",
      "unicode_decimal": 59024
    },
    {
      "icon_id": "6127286",
      "name": "问卷",
      "font_class": "wenjuan",
      "unicode": "e60c",
      "unicode_decimal": 58892
    },
    {
      "icon_id": "6446108",
      "name": "写文章",
      "font_class": "tianchongxing-",
      "unicode": "e62d",
      "unicode_decimal": 58925
    },
    {
      "icon_id": "18445837",
      "name": "智慧养老",
      "font_class": "wangzhantubiaoji2_huaban1fuben11",
      "unicode": "e607",
      "unicode_decimal": 58887
    },
    {
      "icon_id": "31850960",
      "name": "icon-person-tianjia",
      "font_class": "icon-person-tianjia",
      "unicode": "e608",
      "unicode_decimal": 58888
    },
    {
      "icon_id": "765262",
      "name": "首页",
      "font_class": "shouye",
      "unicode": "e612",
      "unicode_decimal": 58898
    },
    {
      "icon_id": "765558",
      "name": "提醒",
      "font_class": "shouye1",
      "unicode": "e629",
      "unicode_decimal": 58921
    },
    {
      "icon_id": "11372716",
      "name": "我的",
      "font_class": "wode",
      "unicode": "e8bb",
      "unicode_decimal": 59579
    },
    {
      "icon_id": "11748373",
      "name": "记事本",
      "font_class": "jishiben",
      "unicode": "e638",
      "unicode_decimal": 58936
    }
  ]
}
